{"cameraMode":{"drawMode":0,"name":"Shaded","section":"Shading Mode"},"sceneLighting":false,"audioPlay":false,"sceneViewState":{"m_AlwaysRefresh":false,"showFog":true,"showSkybox":false,"showFlares":true,"showImageEffects":true,"showParticleSystems":true,"showVisualEffectGraphs":true,"m_FxEnabled":true},"in2DMode":false,"pivot":{"x":0.335999995470047,"y":0.0868000015616417,"z":-7.450580596923828e-9},"rotation":{"x":0.041499096900224689,"y":0.9573920965194702,"z":-0.17399129271507264,"w":0.22746999561786652},"size":0.11195643246173859,"orthographic":false}