{"cameraMode":{"drawMode":0,"name":"Shaded","section":"Shading Mode"},"sceneLighting":true,"audioPlay":false,"sceneViewState":{"m_AlwaysRefresh":false,"showFog":true,"showSkybox":true,"showFlares":true,"showImageEffects":true,"showParticleSystems":true,"showVisualEffectGraphs":true,"m_FxEnabled":true},"in2DMode":false,"pivot":{"x":-12.175568580627442,"y":3.8149898052215578,"z":-14.015179634094239},"rotation":{"x":-0.1175062283873558,"y":-0.22260984778404237,"z":0.026890676468610765,"w":-0.9676674008369446},"size":0.7213339805603027,"orthographic":false}