{"cameraMode":{"drawMode":0,"name":"Shaded","section":"Shading Mode"},"sceneLighting":true,"audioPlay":false,"sceneViewState":{"m_AlwaysRefresh":false,"showFog":true,"showSkybox":true,"showFlares":true,"showImageEffects":true,"showParticleSystems":true,"showVisualEffectGraphs":true,"m_FxEnabled":true},"in2DMode":false,"pivot":{"x":-0.10844883322715759,"y":0.3206733465194702,"z":2.7857227325439455},"rotation":{"x":-0.0057805003598332409,"y":-0.9938840270042419,"z":0.09651003032922745,"w":-0.05798779055476189},"size":0.10438504070043564,"orthographic":false}