{"cameraMode":{"drawMode":0,"name":"Shaded","section":"Shading Mode"},"sceneLighting":false,"audioPlay":false,"sceneViewState":{"m_AlwaysRefresh":false,"showFog":true,"showSkybox":false,"showFlares":true,"showImageEffects":true,"showParticleSystems":true,"showVisualEffectGraphs":true,"m_FxEnabled":true},"in2DMode":false,"pivot":{"x":-0.6171646118164063,"y":0.2033892124891281,"z":0.23148542642593385},"rotation":{"x":-0.10113008320331574,"y":-0.6600428223609924,"z":0.09005098044872284,"w":-0.7391277551651001},"size":0.2951379716396332,"orthographic":false}